,Date,Week_Day,Month,User_Activity,Food_Count,total_calories,total_carbs,total_fat,total_protein,total_sodium,total_sugar,total_fiber,goal_calories,goal_carbs,goal_fat,goal_protein,goal_sodium,goal_sugar,goal_fiber,diff_calories,diff_carbs,diff_fat,diff_protein,diff_sodium,diff_sugar,diff_fiber
0,2014-09-14,Sunday,September,56,164,73701.0,6196.0,2877.0,3379.0,58892.0,1915.0,499.0,100208.0,9058.0,3419.0,6330.0,68500.0,1858.0,1047.0,-26507.0,-2862.0,-542.0,-2951.0,-9608.0,57.0,-548.0
1,2014-09-15,Monday,September,280,909,405220.0,39757.0,15061.0,22073.0,357434.0,10789.0,2113.0,526095.0,52586.0,18085.0,33985.0,406900.0,11154.0,3874.0,-120875.0,-12829.0,-3024.0,-11912.0,-49466.0,-365.0,-1761.0
2,2014-09-16,Tuesday,September,279,924,400237.0,40230.0,14044.0,22207.0,337045.0,9516.0,2265.0,516591.0,52801.0,17608.0,32824.0,403500.0,11127.0,3857.0,-116354.0,-12571.0,-3564.0,-10617.0,-66455.0,-1611.0,-1592.0
3,2014-09-17,Wednesday,September,274,861,402535.0,39267.0,14585.0,21971.0,327624.0,9490.0,2246.0,510487.0,51505.0,17412.0,32747.0,387400.0,11141.0,3876.0,-107952.0,-12238.0,-2827.0,-10776.0,-59776.0,-1651.0,-1630.0
4,2014-09-18,Thursday,September,382,1342,541442.0,53949.0,19930.0,29552.0,467812.0,12474.0,3510.0,684614.0,68592.0,24019.0,43538.0,559100.0,14571.0,5478.0,-143172.0,-14643.0,-4089.0,-13986.0,-91288.0,-2097.0,-1968.0
5,2014-09-19,Friday,September,452,1531,654555.0,64833.0,24494.0,33613.0,584608.0,15000.0,3393.0,817110.0,83002.0,28545.0,51367.0,675800.0,17544.0,5746.0,-162555.0,-18169.0,-4051.0,-17754.0,-91192.0,-2544.0,-2353.0
6,2014-09-20,Saturday,September,515,1721,755748.0,73931.0,28529.0,35977.0,678359.0,15833.0,3722.0,933750.0,97757.0,31903.0,58491.0,773200.0,19925.0,7184.0,-178002.0,-23826.0,-3374.0,-22514.0,-94841.0,-4092.0,-3462.0
7,2014-09-21,Sunday,September,712,2381,1018968.0,98615.0,37775.0,49686.0,875129.0,21424.0,5413.0,1261374.0,130222.0,43495.0,80134.0,1046350.0,27156.0,9631.0,-242406.0,-31607.0,-5720.0,-30448.0,-171221.0,-5732.0,-4218.0
8,2014-09-22,Monday,September,1171,3809,1647607.0,168042.0,60571.0,90434.0,1466721.0,36356.0,9228.0,2124182.0,221202.0,72810.0,134723.0,1774700.0,44650.0,15486.0,-476575.0,-53160.0,-12239.0,-44289.0,-307979.0,-8294.0,-6258.0
9,2014-09-23,Tuesday,September,1373,4645,1950049.0,199245.0,71153.0,105370.0,1707723.0,43009.0,11240.0,2478067.0,260865.0,83725.0,157761.0,2070100.0,52100.0,18349.0,-528018.0,-61620.0,-12572.0,-52391.0,-362377.0,-9091.0,-7109.0
10,2014-09-24,Wednesday,September,1346,4583,1893859.0,193612.0,68180.0,99813.0,1638222.0,42021.0,10815.0,2427050.0,254191.0,82209.0,153662.0,2030000.0,51090.0,17651.0,-533191.0,-60579.0,-14029.0,-53849.0,-391778.0,-9069.0,-6836.0
11,2014-09-25,Thursday,September,1344,4562,1879626.0,192429.0,69073.0,99688.0,1639040.0,40566.0,10865.0,2416616.0,256829.0,81349.0,152834.0,2036200.0,55492.0,17611.0,-536990.0,-64400.0,-12276.0,-53146.0,-397160.0,-14926.0,-6746.0
12,2014-09-26,Friday,September,1334,4488,1877017.0,187470.0,67859.0,94445.0,1616357.0,39084.0,10005.0,2430266.0,254972.0,82930.0,152886.0,2022400.0,50983.0,18232.0,-553249.0,-67502.0,-15071.0,-58441.0,-406043.0,-11899.0,-8227.0
13,2014-09-27,Saturday,September,1298,4346,1877687.0,182879.0,70117.0,90003.0,1614373.0,38051.0,9391.0,2395324.0,248983.0,82612.0,151672.0,1905900.0,49970.0,18346.0,-517637.0,-66104.0,-12495.0,-61669.0,-291527.0,-11919.0,-8955.0
14,2014-09-28,Sunday,September,1370,4555,1912233.0,188887.0,73161.0,93811.0,1719977.0,38726.0,9517.0,2469497.0,256868.0,84494.0,157378.0,2052400.0,51206.0,18457.0,-557264.0,-67981.0,-11333.0,-63567.0,-332423.0,-12480.0,-8940.0
15,2014-09-29,Monday,September,1897,6253,2661358.0,274437.0,96835.0,142676.0,2359935.0,59298.0,15550.0,3412873.0,355928.0,116733.0,216339.0,2850150.0,72120.0,25296.0,-751515.0,-81491.0,-19898.0,-73663.0,-490215.0,-12822.0,-9746.0
16,2014-09-30,Tuesday,September,1934,6573,2734974.0,277707.0,99430.0,147134.0,2415452.0,61948.0,15923.0,3493231.0,366677.0,118463.0,220403.0,2904800.0,73842.0,25838.0,-758257.0,-88970.0,-19033.0,-73269.0,-489348.0,-11894.0,-9915.0
17,2014-10-01,Wednesday,October,1908,6473,2755888.0,278080.0,100109.0,147337.0,2479239.0,59836.0,15826.0,3460934.0,362458.0,116768.0,219843.0,2878200.0,72862.0,25633.0,-705046.0,-84378.0,-16659.0,-72506.0,-398961.0,-13026.0,-9807.0
18,2014-10-02,Thursday,October,1969,6626,2787793.0,282786.0,101051.0,148320.0,2483144.0,61917.0,16717.0,3536245.0,368446.0,119997.0,224618.0,2957700.0,75858.0,26712.0,-748452.0,-85660.0,-18946.0,-76298.0,-474556.0,-13941.0,-9995.0
19,2014-10-03,Friday,October,1973,6506,2751196.0,276627.0,99996.0,138331.0,2426428.0,58096.0,15112.0,3506152.0,365927.0,118663.0,222252.0,2983400.0,75623.0,25911.0,-754956.0,-89300.0,-18667.0,-83921.0,-556972.0,-17527.0,-10799.0
20,2014-10-04,Saturday,October,1833,6086,2675933.0,260003.0,101055.0,127085.0,2313186.0,53726.0,12971.0,3321442.0,349679.0,112075.0,208619.0,2768000.0,71016.0,24795.0,-645509.0,-89676.0,-11020.0,-81534.0,-454814.0,-17290.0,-11824.0
21,2014-10-05,Sunday,October,1862,6400,2661776.0,259801.0,102422.0,130054.0,2358840.0,51924.0,13054.0,3362202.0,349609.0,114611.0,212887.0,2802150.0,71657.0,25113.0,-700426.0,-89808.0,-12189.0,-82833.0,-443310.0,-19733.0,-12059.0
22,2014-10-06,Monday,October,2559,8600,3560514.0,363485.0,127998.0,190186.0,3170802.0,79255.0,21130.0,4603547.0,482063.0,155667.0,289349.0,3841650.0,98314.0,33900.0,-1043033.0,-118578.0,-27669.0,-99163.0,-670848.0,-19059.0,-12770.0
23,2014-10-07,Tuesday,October,2640,9146,3765774.0,385290.0,135486.0,200155.0,3360042.0,84497.0,22089.0,4743393.0,497654.0,159336.0,301250.0,3977150.0,99916.0,35111.0,-977619.0,-112364.0,-23850.0,-101095.0,-617108.0,-15419.0,-13022.0
24,2014-10-08,Wednesday,October,2594,9016,3692546.0,378723.0,134706.0,195294.0,3242038.0,81092.0,21714.0,4670537.0,489925.0,157812.0,293895.0,3910350.0,98499.0,34853.0,-977991.0,-111202.0,-23106.0,-98601.0,-668312.0,-17407.0,-13139.0
25,2014-10-09,Thursday,October,2633,9054,3731076.0,378507.0,137387.0,203945.0,3333462.0,81740.0,21484.0,4727142.0,496625.0,160096.0,297105.0,3964200.0,99488.0,35349.0,-996066.0,-118118.0,-22709.0,-93160.0,-630738.0,-17748.0,-13865.0
26,2014-10-10,Friday,October,2648,9000,3695900.0,371839.0,135231.0,185612.0,3325210.0,78259.0,20667.0,4733191.0,497735.0,159587.0,296296.0,3970650.0,98701.0,36002.0,-1037291.0,-125896.0,-24356.0,-110684.0,-645440.0,-20442.0,-15335.0
27,2014-10-11,Saturday,October,2462,8194,3526770.0,343104.0,129910.0,168254.0,2990297.0,69345.0,17069.0,4482135.0,469648.0,151167.0,282749.0,3650950.0,93773.0,32575.0,-955365.0,-126544.0,-21257.0,-114495.0,-660653.0,-24428.0,-15506.0
28,2014-10-12,Sunday,October,2471,8679,3573152.0,351625.0,132134.0,171357.0,3221864.0,74905.0,17388.0,4451881.0,467633.0,148867.0,280923.0,3756150.0,94207.0,32357.0,-878729.0,-116008.0,-16733.0,-109566.0,-534286.0,-19302.0,-14969.0
29,2014-10-13,Monday,October,3132,10369,4395557.0,450375.0,159530.0,234133.0,3865565.0,98833.0,26250.0,5624400.0,589968.0,188741.0,354284.0,4660800.0,118662.0,41284.0,-1228843.0,-139593.0,-29211.0,-120151.0,-795235.0,-19829.0,-15034.0
30,2014-10-14,Tuesday,October,3240,10933,4653858.0,479216.0,166998.0,247262.0,4244436.0,105996.0,27015.0,5878001.0,620132.0,196529.0,370205.0,4899550.0,125249.0,42668.0,-1224143.0,-140916.0,-29531.0,-122943.0,-655114.0,-19253.0,-15653.0
31,2014-10-15,Wednesday,October,3166,10700,4523186.0,462661.0,163077.0,239045.0,4059547.0,101590.0,26451.0,5719001.0,601603.0,190792.0,360832.0,4771900.0,121589.0,41789.0,-1195815.0,-138942.0,-27715.0,-121787.0,-712353.0,-19999.0,-15338.0
32,2014-10-16,Thursday,October,3077,10382,4397205.0,445522.0,160437.0,230505.0,3960276.0,94530.0,24823.0,5560869.0,585290.0,186054.0,350447.0,4625550.0,118574.0,39910.0,-1163664.0,-139768.0,-25617.0,-119942.0,-665274.0,-24044.0,-15087.0
33,2014-10-17,Friday,October,2881,9692,4081452.0,410427.0,149220.0,204661.0,3587560.0,86947.0,21494.0,5215208.0,548627.0,174872.0,327090.0,4335150.0,110177.0,37646.0,-1133756.0,-138200.0,-25652.0,-122429.0,-747590.0,-23230.0,-16152.0
34,2014-10-18,Saturday,October,2545,8633,4196392.0,409121.0,134398.0,176174.0,4073874.0,85182.0,20713.0,4701250.0,497507.0,157394.0,293171.0,3819050.0,99434.0,33595.0,-504858.0,-88386.0,-22996.0,-116997.0,254824.0,-14252.0,-12882.0
35,2014-10-19,Sunday,October,2506,8459,3577214.0,357004.0,134304.0,175258.0,3184138.0,75607.0,17934.0,4550127.0,478897.0,153096.0,286129.0,3746350.0,97493.0,32750.0,-972913.0,-121893.0,-18792.0,-110871.0,-562212.0,-21886.0,-14816.0
36,2014-10-20,Monday,October,3321,11256,4656635.0,478191.0,168844.0,250401.0,4096707.0,106998.0,27699.0,6014004.0,634038.0,201467.0,378218.0,4923750.0,128974.0,43690.0,-1357369.0,-155847.0,-32623.0,-127817.0,-827043.0,-21976.0,-15991.0
37,2014-10-21,Tuesday,October,3255,11074,4659729.0,483306.0,167775.0,248941.0,4091939.0,103885.0,27954.0,5871573.0,617258.0,197311.0,369895.0,4845050.0,124987.0,42691.0,-1211844.0,-133952.0,-29536.0,-120954.0,-753111.0,-21102.0,-14737.0
38,2014-10-22,Wednesday,October,3194,10796,4606982.0,471756.0,166651.0,240812.0,4035339.0,102138.0,26663.0,5796851.0,610084.0,194590.0,364514.0,4776550.0,121625.0,42322.0,-1189869.0,-138328.0,-27939.0,-123702.0,-741211.0,-19487.0,-15659.0
39,2014-10-23,Thursday,October,3088,10477,4421562.0,451242.0,162706.0,230685.0,3959033.0,97833.0,24940.0,5592611.0,587883.0,187960.0,351865.0,4617800.0,117705.0,40382.0,-1171049.0,-136641.0,-25254.0,-121180.0,-658767.0,-19872.0,-15442.0
40,2014-10-24,Friday,October,2873,9646,4051542.0,407855.0,147284.0,203820.0,3531650.0,87106.0,22057.0,5189715.0,545638.0,175741.0,324283.0,4342900.0,109190.0,38195.0,-1138173.0,-137783.0,-28457.0,-120463.0,-811250.0,-22084.0,-16138.0
41,2014-10-25,Saturday,October,2485,8249,3558884.0,342023.0,129475.0,169401.0,2943300.0,71337.0,16926.0,4609231.0,480729.0,155938.0,291469.0,3723150.0,97713.0,33903.0,-1050347.0,-138706.0,-26463.0,-122068.0,-779850.0,-26376.0,-16977.0
42,2014-10-26,Sunday,October,2468,8459,3490230.0,349137.0,130961.0,170608.0,3113764.0,74284.0,17536.0,4450789.0,464074.0,149877.0,281015.0,3705250.0,95846.0,32533.0,-960559.0,-114937.0,-18916.0,-110407.0,-591486.0,-21562.0,-14997.0
43,2014-10-27,Monday,October,3245,10666,4575384.0,469138.0,166934.0,244590.0,4085495.0,101397.0,26513.0,5853705.0,614905.0,196341.0,369996.0,4857000.0,123833.0,42921.0,-1278321.0,-145767.0,-29407.0,-125406.0,-771505.0,-22436.0,-16408.0
44,2014-10-28,Tuesday,October,3228,10783,4974529.0,466657.0,168447.0,247002.0,4003779.0,100005.0,26694.0,5836256.0,612423.0,195703.0,368728.0,4839500.0,123691.0,42648.0,-861727.0,-145766.0,-27256.0,-121726.0,-835721.0,-23686.0,-15954.0
45,2014-10-29,Wednesday,October,3106,10441,4439063.0,451264.0,162926.0,234296.0,3916570.0,95695.0,25660.0,5614724.0,590973.0,189374.0,351450.0,4680450.0,119659.0,41129.0,-1175661.0,-139709.0,-26448.0,-117154.0,-763880.0,-23964.0,-15469.0
46,2014-10-30,Thursday,October,2947,10043,4139378.0,423966.0,150503.0,217675.0,3670422.0,92539.0,23592.0,5352097.0,562995.0,179982.0,336046.0,4418000.0,112676.0,39522.0,-1212719.0,-139029.0,-29479.0,-118371.0,-747578.0,-20137.0,-15930.0
47,2014-10-31,Friday,October,2549,8491,3621405.0,355747.0,147111.0,173207.0,3072524.0,76106.0,18995.0,4606586.0,483568.0,155003.0,289430.0,3785900.0,96079.0,34874.0,-985181.0,-127821.0,-7892.0,-116223.0,-713376.0,-19973.0,-15879.0
48,2014-11-01,Saturday,November,2361,7748,3405128.0,327837.0,126892.0,161603.0,3037632.0,67741.0,16497.0,4258567.0,444858.0,143559.0,268910.0,3558050.0,88804.0,31851.0,-853439.0,-117021.0,-16667.0,-107307.0,-520418.0,-21063.0,-15354.0
49,2014-11-02,Sunday,November,2450,8496,3486660.0,335377.0,129889.0,172278.0,2967615.0,71695.0,16357.0,4429487.0,461540.0,147926.0,280962.0,3664000.0,92915.0,32686.0,-942827.0,-126163.0,-18037.0,-108684.0,-696385.0,-21220.0,-16329.0
50,2014-11-03,Monday,November,3311,11183,4645849.0,476625.0,169386.0,251580.0,4145673.0,104049.0,27082.0,5990598.0,626336.0,199731.0,381656.0,5003550.0,126839.0,43402.0,-1344749.0,-149711.0,-30345.0,-130076.0,-857877.0,-22790.0,-16320.0
51,2014-11-04,Tuesday,November,3224,10963,4591082.0,467298.0,167118.0,245725.0,4026586.0,100963.0,26363.0,5835410.0,611477.0,194723.0,369467.0,4875850.0,124067.0,41966.0,-1244328.0,-144179.0,-27605.0,-123742.0,-849264.0,-23104.0,-15603.0
52,2014-11-05,Wednesday,November,3166,10750,4498325.0,455765.0,164610.0,239761.0,4027479.0,97024.0,25715.0,5695150.0,596154.0,190745.0,361380.0,4779600.0,119949.0,41398.0,-1196825.0,-140389.0,-26135.0,-121619.0,-752121.0,-22925.0,-15683.0
53,2014-11-06,Thursday,November,3081,10456,4388245.0,445729.0,161281.0,229642.0,3915296.0,96987.0,24868.0,5510710.0,578289.0,184642.0,347719.0,4593750.0,116496.0,40461.0,-1122465.0,-132560.0,-23361.0,-118077.0,-678454.0,-19509.0,-15593.0
54,2014-11-07,Friday,November,2870,9665,4063256.0,402700.0,147483.0,205958.0,3594023.0,84419.0,21915.0,5107477.0,535335.0,171554.0,321098.0,4339800.0,108049.0,37653.0,-1044221.0,-132635.0,-24071.0,-115140.0,-745777.0,-23630.0,-15738.0
55,2014-11-08,Saturday,November,2494,8534,3576360.0,348110.0,131694.0,170868.0,3108504.0,72276.0,17107.0,4560618.0,478028.0,152492.0,288081.0,3827559.0,96976.0,33132.0,-984258.0,-129918.0,-20798.0,-117213.0,-719055.0,-24700.0,-16025.0
56,2014-11-09,Sunday,November,2496,8703,3516968.0,345204.0,130941.0,174138.0,3064796.0,72153.0,17500.0,4458548.0,463360.0,149203.0,283077.0,3778759.0,94133.0,33101.0,-941580.0,-118156.0,-18262.0,-108939.0,-713963.0,-21980.0,-15601.0
57,2014-11-10,Monday,November,3245,10950,4584962.0,468153.0,164904.0,247532.0,4261229.0,102326.0,27039.0,5825358.0,612530.0,193735.0,369054.0,4895350.0,124208.0,43024.0,-1240396.0,-144377.0,-28831.0,-121522.0,-634121.0,-21882.0,-15985.0
58,2014-11-11,Tuesday,November,3139,10762,4471726.0,456137.0,163181.0,236796.0,3929840.0,97043.0,25822.0,5649719.0,592841.0,188340.0,357096.0,4712700.0,120211.0,41447.0,-1177993.0,-136704.0,-25159.0,-120300.0,-782860.0,-23168.0,-15625.0
59,2014-11-12,Wednesday,November,3124,10680,4454493.0,457518.0,162450.0,236385.0,3970204.0,100187.0,26130.0,5591409.0,585739.0,187080.0,354483.0,4747750.0,118683.0,41008.0,-1136916.0,-128221.0,-24630.0,-118098.0,-777546.0,-18496.0,-14878.0
60,2014-11-13,Thursday,November,3022,10272,4250411.0,434645.0,154127.0,223498.0,3811519.0,91851.0,25127.0,5392943.0,567644.0,179102.0,340399.0,4594300.0,113544.0,38985.0,-1142532.0,-132999.0,-24975.0,-116901.0,-782781.0,-21693.0,-13858.0
61,2014-11-14,Friday,November,2783,9431,3930915.0,391247.0,141106.0,198255.0,3451196.0,81682.0,21540.0,4966976.0,521270.0,165410.0,314266.0,4227650.0,105007.0,36146.0,-1036061.0,-130023.0,-24304.0,-116011.0,-776454.0,-23325.0,-14606.0
62,2014-11-15,Saturday,November,2500,8586,3561417.0,343749.0,129403.0,168360.0,3082112.0,73061.0,16959.0,4493665.0,471356.0,148900.0,283418.0,3767050.0,96789.0,32736.0,-932248.0,-127607.0,-19497.0,-115058.0,-684938.0,-23728.0,-15777.0
63,2014-11-16,Sunday,November,2478,8723,3529875.0,346222.0,130159.0,172946.0,3129236.0,74155.0,16977.0,4363065.0,455278.0,145508.0,276483.0,3766800.0,94391.0,31357.0,-833190.0,-109056.0,-15349.0,-103537.0,-637564.0,-20236.0,-14380.0
64,2014-11-17,Monday,November,3181,10725,4432880.0,453858.0,159374.0,239583.0,3953868.0,99880.0,27105.0,5676363.0,593367.0,189393.0,359861.0,4779800.0,121800.0,41933.0,-1243483.0,-139509.0,-30019.0,-120278.0,-825932.0,-21920.0,-14828.0
65,2014-11-18,Tuesday,November,3112,10705,4432627.0,452409.0,161516.0,235337.0,3913235.0,97177.0,26495.0,5561708.0,581837.0,185285.0,354434.0,4716500.0,118576.0,40976.0,-1129081.0,-129428.0,-23769.0,-119097.0,-803265.0,-21399.0,-14481.0
66,2014-11-19,Wednesday,November,3008,10353,4274730.0,434003.0,153057.0,224380.0,3970702.0,93759.0,24960.0,5400065.0,563963.0,180149.0,343842.0,4544900.0,115672.0,39572.0,-1125335.0,-129960.0,-27092.0,-119462.0,-574198.0,-21913.0,-14612.0
67,2014-11-20,Thursday,November,2902,9912,4106688.0,418291.0,147465.0,215497.0,3721218.0,91825.0,24162.0,5208891.0,544572.0,174026.0,331319.0,4409750.0,112053.0,38427.0,-1102203.0,-126281.0,-26561.0,-115822.0,-688532.0,-20228.0,-14265.0
68,2014-11-21,Friday,November,2663,9040,3785370.0,378382.0,138227.0,188381.0,3332491.0,79392.0,21551.0,4758905.0,497107.0,158928.0,300464.0,4082350.0,100660.0,35113.0,-973535.0,-118725.0,-20701.0,-112083.0,-749859.0,-21268.0,-13562.0
69,2014-11-22,Saturday,November,2410,8207,3421200.0,330230.0,124046.0,163264.0,3068685.0,67761.0,17847.0,4332817.0,452863.0,145617.0,273683.0,3676850.0,92680.0,32158.0,-911617.0,-122633.0,-21571.0,-110419.0,-608165.0,-24919.0,-14311.0
70,2014-11-23,Sunday,November,2370,8157,3357095.0,326950.0,124887.0,164899.0,2966903.0,69295.0,17090.0,4184381.0,435086.0,140829.0,265639.0,3596500.0,89972.0,31222.0,-827286.0,-108136.0,-15942.0,-100740.0,-629597.0,-20677.0,-14132.0
71,2014-11-24,Monday,November,2920,9826,4079139.0,416961.0,147120.0,215731.0,3608877.0,90005.0,24610.0,5258186.0,549775.0,176076.0,333563.0,4422500.0,112659.0,38197.0,-1179047.0,-132814.0,-28956.0,-117832.0,-813623.0,-22654.0,-13587.0
72,2014-11-25,Tuesday,November,2733,9235,3827168.0,390786.0,139085.0,201924.0,3377625.0,83180.0,22557.0,4940240.0,518342.0,165390.0,313471.0,4157950.0,105829.0,36153.0,-1113072.0,-127556.0,-26305.0,-111547.0,-780325.0,-22649.0,-13596.0
73,2014-11-26,Wednesday,November,2477,8460,3457389.0,347811.0,126154.0,175239.0,2973616.0,74804.0,18953.0,4462379.0,465555.0,150031.0,282446.0,3736450.0,95587.0,32653.0,-1004990.0,-117744.0,-23877.0,-107207.0,-762834.0,-20783.0,-13700.0
74,2014-11-27,Thursday,November,2000,6537,3006717.0,271542.0,94609.0,124602.0,2283364.0,59702.0,12698.0,3620791.0,377572.0,122308.0,229517.0,3009300.0,77411.0,26285.0,-614074.0,-106030.0,-27699.0,-104915.0,-725936.0,-17709.0,-13587.0
75,2014-11-28,Friday,November,2090,6653,3033548.0,287071.0,107177.0,141379.0,2583104.0,59762.0,14252.0,3762423.0,394320.0,126979.0,237372.0,3107500.0,79977.0,27314.0,-728875.0,-107249.0,-19802.0,-95993.0,-524396.0,-20215.0,-13062.0
76,2014-11-29,Saturday,November,2097,7051,3001781.0,289774.0,108772.0,138934.0,2597213.0,61469.0,14545.0,3802780.0,398890.0,128179.0,239357.0,3119100.0,81689.0,27632.0,-800999.0,-109116.0,-19407.0,-100423.0,-521887.0,-20220.0,-13087.0
77,2014-11-30,Sunday,November,2165,7208,2994666.0,289529.0,110421.0,146999.0,2663341.0,61657.0,14939.0,3847574.0,403724.0,129768.0,242500.0,3284650.0,83528.0,27469.0,-852908.0,-114195.0,-19347.0,-95501.0,-621309.0,-21871.0,-12530.0
78,2014-12-01,Monday,December,3062,9983,4263299.0,435641.0,152797.0,228327.0,3887875.0,94582.0,25087.0,5498529.0,576250.0,184571.0,348195.0,4663400.0,117294.0,40350.0,-1235230.0,-140609.0,-31774.0,-119868.0,-775525.0,-22712.0,-15263.0
79,2014-12-02,Tuesday,December,3021,10085,4274362.0,437542.0,155301.0,227541.0,3913043.0,93930.0,24957.0,5436387.0,570710.0,182691.0,343063.0,4595650.0,117261.0,39252.0,-1162025.0,-133168.0,-27390.0,-115522.0,-682607.0,-23331.0,-14295.0
80,2014-12-03,Wednesday,December,2966,10077,4230024.0,433097.0,151934.0,222448.0,3795094.0,94524.0,24067.0,5340553.0,562177.0,178175.0,339757.0,4491100.0,114945.0,39156.0,-1110529.0,-129080.0,-26241.0,-117309.0,-696006.0,-20421.0,-15089.0
81,2014-12-04,Thursday,December,2867,9696,4014917.0,405587.0,144794.0,213001.0,3576769.0,87729.0,22549.0,5145748.0,539703.0,172037.0,328207.0,4365300.0,109836.0,38057.0,-1130831.0,-134116.0,-27243.0,-115206.0,-788531.0,-22107.0,-15508.0
82,2014-12-05,Friday,December,2638,8905,3685855.0,368801.0,132837.0,185219.0,3253991.0,77406.0,20090.0,4700361.0,491943.0,158188.0,298543.0,4004700.0,100289.0,35033.0,-1014506.0,-123142.0,-25351.0,-113324.0,-750709.0,-22883.0,-14943.0
83,2014-12-06,Saturday,December,2347,7887,3398263.0,328400.0,125925.0,162787.0,2983510.0,69020.0,16101.0,4226858.0,443205.0,142270.0,266411.0,3546950.0,90304.0,31122.0,-828595.0,-114805.0,-16345.0,-103624.0,-563440.0,-21284.0,-15021.0
84,2014-12-07,Sunday,December,2309,8011,3259587.0,322416.0,125607.0,161612.0,2851053.0,68622.0,16636.0,4100896.0,425491.0,138632.0,260906.0,3464473.0,87339.0,30625.0,-841309.0,-103075.0,-13025.0,-99294.0,-613420.0,-18717.0,-13989.0
85,2014-12-08,Monday,December,2959,9941,4135266.0,419130.0,149315.0,221377.0,3752430.0,95734.0,23703.0,5329859.0,559262.0,178204.0,338917.0,4477650.0,114039.0,39245.0,-1194593.0,-140132.0,-28889.0,-117540.0,-725220.0,-18305.0,-15542.0
86,2014-12-09,Tuesday,December,2890,9792,4084406.0,418782.0,148857.0,216453.0,3624610.0,89699.0,22738.0,5189615.0,544369.0,173503.0,329732.0,4349673.0,111368.0,37923.0,-1105209.0,-125587.0,-24646.0,-113279.0,-725063.0,-21669.0,-15185.0
87,2014-12-10,Wednesday,December,2819,9526,4111511.0,414475.0,147075.0,209660.0,3604467.0,88507.0,22196.0,5051321.0,527843.0,169157.0,321540.0,4222850.0,108994.0,36895.0,-939810.0,-113368.0,-22082.0,-111880.0,-618383.0,-20487.0,-14699.0
88,2014-12-11,Thursday,December,2685,9128,3794033.0,380134.0,138143.0,196003.0,3356740.0,81618.0,20435.0,4820529.0,503060.0,161055.0,307253.0,4010373.0,103508.0,35373.0,-1026496.0,-122926.0,-22912.0,-111250.0,-653633.0,-21890.0,-14938.0
89,2014-12-12,Friday,December,2491,8235,3502404.0,344124.0,127947.0,175395.0,3050412.0,72157.0,18575.0,4470223.0,466589.0,149902.0,284268.0,3751750.0,95383.0,33283.0,-967819.0,-122465.0,-21955.0,-108873.0,-701338.0,-23226.0,-14708.0
90,2014-12-13,Saturday,December,2214,7310,3117584.0,299631.0,115524.0,148120.0,2683655.0,62128.0,15035.0,4025657.0,420801.0,135138.0,255538.0,3330623.0,86950.0,29862.0,-908073.0,-121170.0,-19614.0,-107418.0,-646968.0,-24822.0,-14827.0
91,2014-12-14,Sunday,December,2259,7522,3147952.0,304819.0,117222.0,154683.0,2791638.0,62738.0,15128.0,4026399.0,418618.0,136083.0,254810.0,3403373.0,85888.0,29428.0,-878447.0,-113799.0,-18861.0,-100127.0,-611735.0,-23150.0,-14300.0
92,2014-12-15,Monday,December,2790,9332,3850427.0,394288.0,139814.0,203480.0,3346905.0,88512.0,22027.0,5026016.0,524357.0,168383.0,319487.0,4163673.0,107579.0,37602.0,-1175589.0,-130069.0,-28569.0,-116007.0,-816768.0,-19067.0,-15575.0
93,2014-12-16,Tuesday,December,2685,9099,3785594.0,384765.0,139397.0,199000.0,3336829.0,82737.0,21733.0,4867016.0,506166.0,163770.0,310568.0,4051823.0,104408.0,36174.0,-1081422.0,-121401.0,-24373.0,-111568.0,-714994.0,-21671.0,-14441.0
94,2014-12-17,Wednesday,December,2591,8703,3646564.0,363796.0,131898.0,186597.0,3146570.0,75697.0,19754.0,4672886.0,489792.0,156654.0,296171.0,3917173.0,99487.0,34293.0,-1026322.0,-125996.0,-24756.0,-109574.0,-770603.0,-23790.0,-14539.0
95,2014-12-18,Thursday,December,2478,8174,3463633.0,345812.0,125352.0,175222.0,3156773.0,74021.0,18339.0,4461154.0,552101.0,169827.0,340256.0,3808973.0,115162.0,32174.0,-997521.0,-206289.0,-44475.0,-165034.0,-652200.0,-41141.0,-13835.0
96,2014-12-19,Friday,December,2271,7525,3169919.0,306780.0,116866.0,156627.0,2767612.0,62064.0,15436.0,4107222.0,431159.0,138074.0,259989.0,3503273.0,87232.0,29618.0,-937303.0,-124379.0,-21208.0,-103362.0,-735661.0,-25168.0,-14182.0
97,2014-12-20,Saturday,December,2035,6786,2853131.0,276360.0,105427.0,136008.0,2455031.0,56721.0,20917.0,3707488.0,388953.0,124695.0,234489.0,3101673.0,79098.0,27320.0,-854357.0,-112593.0,-19268.0,-98481.0,-646642.0,-22377.0,-6403.0
98,2014-12-21,Sunday,December,2008,6736,2835523.0,271355.0,106162.0,136158.0,2448178.0,54494.0,13021.0,3606000.0,376784.0,121954.0,227347.0,3029773.0,76117.0,26395.0,-770477.0,-105429.0,-15792.0,-91189.0,-581595.0,-21623.0,-13374.0
99,2014-12-22,Monday,December,2295,7664,3215347.0,318795.0,118340.0,164737.0,2796186.0,66531.0,16921.0,4165051.0,518191.0,160157.0,317978.0,3456273.0,106868.0,30518.0,-949704.0,-199396.0,-41817.0,-153241.0,-660087.0,-40337.0,-13597.0
100,2014-12-23,Tuesday,December,2146,7123,2989575.0,293178.0,110298.0,148717.0,2575800.0,61547.0,15076.0,3928114.0,501578.0,153186.0,307333.0,3249573.0,104423.0,29107.0,-938539.0,-208400.0,-42888.0,-158616.0,-673773.0,-42876.0,-14031.0
101,2014-12-24,Wednesday,December,1770,5822,2485836.0,223046.0,83898.0,107588.0,1972654.0,47920.0,10135.0,3222709.0,493778.0,145820.0,307451.0,2673023.0,103819.0,23571.0,-736873.0,-270732.0,-61922.0,-199863.0,-700369.0,-55899.0,-13436.0
102,2014-12-25,Thursday,December,1418,4494,2548376.0,223410.0,114160.0,125610.0,1729794.0,41324.0,10835.0,2494999.0,260622.0,84367.0,157594.0,2208623.0,54519.0,17417.0,53377.0,-37212.0,29793.0,-31984.0,-478829.0,-13195.0,-6582.0
103,2014-12-26,Friday,December,1913,6212,2958859.0,284054.0,129267.0,156010.0,2486422.0,57399.0,15078.0,3464325.0,364315.0,116538.0,216360.0,2899523.0,76368.0,24241.0,-505466.0,-80261.0,12729.0,-60350.0,-413101.0,-18969.0,-9163.0
104,2014-12-27,Saturday,December,2002,6617,2804870.0,270857.0,103993.0,134002.0,2789152.0,59132.0,12811.0,3651277.0,385351.0,122310.0,228555.0,3018073.0,80422.0,25345.0,-846407.0,-114494.0,-18317.0,-94553.0,-228921.0,-21290.0,-12534.0
105,2014-12-28,Sunday,December,2138,7209,2965742.0,290400.0,111666.0,147944.0,2647711.0,60840.0,13945.0,3809396.0,399575.0,127885.0,240366.0,3260673.0,83054.0,26870.0,-843654.0,-109175.0,-16219.0,-92422.0,-612962.0,-22214.0,-12925.0
106,2014-12-29,Monday,December,2702,9050,3770589.0,377988.0,137903.0,196527.0,3432127.0,82383.0,20299.0,4905552.0,516969.0,163459.0,308171.0,4080823.0,106491.0,35157.0,-1134963.0,-138981.0,-25556.0,-111644.0,-648696.0,-24108.0,-14858.0
107,2014-12-30,Tuesday,December,2665,9043,3725037.0,372342.0,138655.0,193942.0,3403156.0,81334.0,19864.0,4865868.0,512532.0,162515.0,304870.0,4058623.0,106606.0,34513.0,-1140831.0,-140190.0,-23860.0,-110928.0,-655467.0,-25272.0,-14649.0
108,2014-12-31,Wednesday,December,2343,8007,3310209.0,314131.0,116997.0,158698.0,2817263.0,64253.0,15205.0,4242557.0,451490.0,141327.0,265015.0,3534673.0,91753.0,29618.0,-932348.0,-137359.0,-24330.0,-106317.0,-717410.0,-27500.0,-14413.0
109,2015-01-01,Thursday,January,2732,8995,3816478.0,375470.0,142481.0,182429.0,3385255.0,82690.0,18045.0,4844657.0,518002.0,161718.0,299584.0,4185623.0,106478.0,33254.0,-1028179.0,-142532.0,-19237.0,-117155.0,-800368.0,-23788.0,-15209.0
110,2015-01-02,Friday,January,3126,10361,4342859.0,432797.0,160914.0,225381.0,4140549.0,89195.0,21905.0,5582498.0,594506.0,187257.0,346753.0,4807623.0,122733.0,38431.0,-1239639.0,-161709.0,-26343.0,-121372.0,-667074.0,-33538.0,-16526.0
111,2015-01-03,Saturday,January,3031,10329,4349927.0,428024.0,160948.0,221274.0,4051963.0,92862.0,20739.0,5464415.0,580285.0,182675.0,342507.0,4730223.0,119613.0,36858.0,-1114488.0,-152261.0,-21727.0,-121233.0,-678260.0,-26751.0,-16119.0
112,2015-01-04,Sunday,January,3145,10785,4370055.0,429767.0,163634.0,221068.0,4089599.0,92714.0,21027.0,5558083.0,591999.0,186140.0,346026.0,4907823.0,124080.0,36903.0,-1188028.0,-162232.0,-22506.0,-124958.0,-818224.0,-31366.0,-15876.0
113,2015-01-05,Monday,January,4400,14890,6202786.0,631555.0,225301.0,340859.0,5877639.0,141382.0,33483.0,7985658.0,849486.0,267166.0,498175.0,6860023.0,177820.0,53816.0,-1782872.0,-217931.0,-41865.0,-157316.0,-982384.0,-36438.0,-20333.0
114,2015-01-06,Tuesday,January,4347,14778,6235089.0,637121.0,227480.0,343621.0,5886694.0,144927.0,33521.0,7866489.0,840194.0,261655.0,490338.0,6758373.0,176377.0,53581.0,-1631400.0,-203073.0,-34175.0,-146717.0,-871679.0,-31450.0,-20060.0
115,2015-01-07,Wednesday,January,4279,14531,6125268.0,630389.0,222167.0,330992.0,5808795.0,144051.0,32506.0,7690229.0,821186.0,257437.0,477599.0,6756673.0,172979.0,51404.0,-1564961.0,-190797.0,-35270.0,-146607.0,-947878.0,-28928.0,-18898.0
116,2015-01-08,Thursday,January,4240,14476,6038567.0,608280.0,217961.0,321289.0,5730609.0,136781.0,31593.0,7570578.0,807143.0,252512.0,470878.0,6692123.0,171787.0,50762.0,-1532011.0,-198863.0,-34551.0,-149589.0,-961514.0,-35006.0,-19169.0
117,2015-01-09,Friday,January,4022,13412,5679739.0,567114.0,206517.0,293190.0,5259218.0,124372.0,28359.0,7153572.0,759849.0,238865.0,446324.0,6325873.0,161279.0,48965.0,-1473833.0,-192735.0,-32348.0,-153134.0,-1066655.0,-36907.0,-20606.0
118,2015-01-10,Saturday,January,3639,12324,5253465.0,513019.0,193398.0,256615.0,4885212.0,112521.0,23340.0,6531698.0,693709.0,219270.0,407285.0,5697600.0,148161.0,43873.0,-1278233.0,-180690.0,-25872.0,-150670.0,-812388.0,-35640.0,-20533.0
119,2015-01-11,Sunday,January,3627,12255,5121328.0,514989.0,198068.0,264501.0,4840977.0,113747.0,23469.0,6409336.0,682645.0,214897.0,399178.0,5691273.0,145401.0,42810.0,-1288008.0,-167656.0,-16829.0,-134677.0,-850296.0,-31654.0,-19341.0
120,2015-01-12,Monday,January,4454,14974,6274104.0,637569.0,228667.0,343780.0,5900128.0,145824.0,33636.0,8055643.0,867762.0,274347.0,514647.0,6982823.0,186162.0,54484.0,-1781539.0,-230193.0,-45680.0,-170867.0,-1082695.0,-40338.0,-20848.0
121,2015-01-13,Tuesday,January,4436,15020,6240618.0,636980.0,227347.0,341715.0,5980145.0,144021.0,34191.0,8043046.0,853639.0,269833.0,503165.0,6926700.0,182440.0,54480.0,-1802428.0,-216659.0,-42486.0,-161450.0,-946555.0,-38419.0,-20289.0
122,2015-01-14,Wednesday,January,4381,14835,6232700.0,633170.0,227483.0,337496.0,5855402.0,141238.0,33535.0,7891454.0,832772.0,265632.0,496110.0,6895300.0,180871.0,53279.0,-1658754.0,-199602.0,-38149.0,-158614.0,-1039898.0,-39633.0,-19744.0
123,2015-01-15,Thursday,January,4298,14698,6083378.0,615511.0,225156.0,353634.0,5813427.0,137251.0,32029.0,7750290.0,820061.0,261017.0,487138.0,6736800.0,177704.0,51836.0,-1666912.0,-204550.0,-35861.0,-133504.0,-923373.0,-40453.0,-19807.0
124,2015-01-16,Friday,January,4068,13695,5755981.0,575318.0,208986.0,295634.0,5442670.0,126956.0,28099.0,7279295.0,768306.0,245898.0,455724.0,6460650.0,166360.0,48457.0,-1523314.0,-192988.0,-36912.0,-160090.0,-1017980.0,-39404.0,-20358.0
125,2015-01-17,Saturday,January,3733,12607,5302069.0,513379.0,196776.0,259148.0,4923866.0,112790.0,22734.0,6733146.0,715748.0,225679.0,421123.0,5894900.0,155305.0,43899.0,-1431077.0,-202369.0,-28903.0,-161975.0,-971034.0,-42515.0,-21165.0
126,2015-01-18,Sunday,January,3621,12281,5169219.0,502932.0,194970.0,255904.0,4804573.0,111003.0,23014.0,6424308.0,679949.0,216998.0,401925.0,5739550.0,147798.0,41980.0,-1255089.0,-177017.0,-22028.0,-146021.0,-934977.0,-36795.0,-18966.0
127,2015-01-19,Monday,January,4330,14416,6150112.0,626596.0,224365.0,330461.0,5799966.0,140125.0,31815.0,7863672.0,831261.0,264987.0,492636.0,6810150.0,181183.0,51877.0,-1713560.0,-204665.0,-40622.0,-162175.0,-1010184.0,-41058.0,-20062.0
128,2015-01-20,Tuesday,January,4531,15528,6389901.0,657289.0,232676.0,346739.0,6070815.0,152711.0,33650.0,8201870.0,869339.0,275627.0,513166.0,7126050.0,190744.0,53823.0,-1811969.0,-212050.0,-42951.0,-166427.0,-1055235.0,-38033.0,-20173.0
129,2015-01-21,Wednesday,January,4474,15305,7218130.0,861344.0,234780.0,351204.0,6525403.0,318581.0,33745.0,8089873.0,859765.0,271218.0,504005.0,7037650.0,187413.0,53232.0,-871743.0,1579.0,-36438.0,-152801.0,-512247.0,131168.0,-19487.0
130,2015-01-22,Thursday,January,4353,14899,6246880.0,640737.0,226964.0,334570.0,6016110.0,145538.0,32861.0,7829032.0,835594.0,261601.0,487887.0,6866500.0,181326.0,51313.0,-1582152.0,-194857.0,-34637.0,-153317.0,-850390.0,-35788.0,-18452.0
131,2015-01-23,Friday,January,4091,13676,5855107.0,586686.0,214807.0,301345.0,5534926.0,133927.0,28577.0,7349527.0,780641.0,246936.0,459594.0,6510700.0,171914.0,48297.0,-1494420.0,-193955.0,-32129.0,-158249.0,-975774.0,-37987.0,-19720.0
132,2015-01-24,Saturday,January,3813,12763,5502609.0,534634.0,203237.0,267537.0,5139445.0,122876.0,23410.0,6906196.0,733665.0,232946.0,429830.0,6082000.0,163676.0,44406.0,-1403587.0,-199031.0,-29709.0,-162293.0,-942555.0,-40800.0,-20996.0
133,2015-01-25,Sunday,January,3720,12655,5271544.0,524026.0,198519.0,262471.0,4932591.0,118516.0,23365.0,6628469.0,704209.0,223580.0,414092.0,5913700.0,155768.0,42800.0,-1356925.0,-180183.0,-25061.0,-151621.0,-981109.0,-37252.0,-19435.0
134,2015-01-26,Monday,January,4462,15145,6247794.0,647691.0,226511.0,341487.0,5891169.0,149698.0,33698.0,8081715.0,859404.0,271391.0,506378.0,7070900.0,189213.0,52686.0,-1833921.0,-211713.0,-44880.0,-164891.0,-1179731.0,-39515.0,-18988.0
135,2015-01-27,Tuesday,January,4427,15120,6312128.0,645493.0,230762.0,341741.0,5990005.0,149593.0,33547.0,8036377.0,848142.0,271093.0,505439.0,6979900.0,189006.0,52199.0,-1724249.0,-202649.0,-40331.0,-163698.0,-989895.0,-39413.0,-18652.0
136,2015-01-28,Wednesday,January,4458,15237,6285493.0,646434.0,229108.0,340588.0,6061978.0,148107.0,32950.0,8085558.0,855803.0,271418.0,509092.0,7056700.0,191445.0,52520.0,-1800065.0,-209369.0,-42310.0,-168504.0,-994722.0,-43338.0,-19570.0
137,2015-01-29,Thursday,January,4286,14605,6093646.0,620782.0,222369.0,333900.0,5870470.0,144206.0,30445.0,7742133.0,822119.0,261282.0,483167.0,6812300.0,183819.0,49924.0,-1648487.0,-201337.0,-38913.0,-149267.0,-941830.0,-39613.0,-19479.0
138,2015-01-30,Friday,January,4028,13622,6903056.0,573919.0,339976.0,291198.0,5347520.0,128910.0,27276.0,7233649.0,765157.0,243628.0,452542.0,6364350.0,170348.0,47232.0,-330593.0,-191238.0,96348.0,-161344.0,-1016830.0,-41438.0,-19956.0
139,2015-01-31,Saturday,January,3627,12146,5160281.0,503359.0,190447.0,252751.0,4881716.0,111634.0,22032.0,6555019.0,693353.0,222009.0,411949.0,5748200.0,155076.0,42551.0,-1394738.0,-189994.0,-31562.0,-159198.0,-866484.0,-43442.0,-20519.0
140,2015-02-01,Sunday,February,3479,11956,5011659.0,476423.0,188230.0,243163.0,4708652.0,105976.0,21272.0,6159714.0,648333.0,209541.0,386999.0,5561000.0,144924.0,39372.0,-1148055.0,-171910.0,-21311.0,-143836.0,-852348.0,-38948.0,-18100.0
141,2015-02-02,Monday,February,4335,14410,6060447.0,615065.0,222687.0,329954.0,5569909.0,137964.0,32559.0,7866334.0,828101.0,264927.0,495097.0,6713950.0,182391.0,52309.0,-1805887.0,-213036.0,-42240.0,-165143.0,-1144041.0,-44427.0,-19750.0
142,2015-02-03,Tuesday,February,4379,14921,6176651.0,631502.0,225563.0,333696.0,5680546.0,146219.0,32878.0,7915818.0,835308.0,266438.0,497957.0,6806200.0,185083.0,52280.0,-1739167.0,-203806.0,-40875.0,-164261.0,-1125654.0,-38864.0,-19402.0
143,2015-02-04,Wednesday,February,4336,14722,6194916.0,629326.0,225617.0,332451.0,5725080.0,144612.0,33330.0,7890383.0,833530.0,265073.0,494503.0,6777300.0,184480.0,52199.0,-1695467.0,-204204.0,-39456.0,-162052.0,-1052220.0,-39868.0,-18869.0
144,2015-02-05,Thursday,February,4247,14492,5994719.0,602858.0,220322.0,321729.0,5552699.0,138371.0,31971.0,7663343.0,809065.0,259074.0,478877.0,6622000.0,193853.0,50076.0,-1668624.0,-206207.0,-38752.0,-157148.0,-1069301.0,-55482.0,-18105.0
145,2015-02-06,Friday,February,4012,13434,5697008.0,568850.0,205825.0,292212.0,5277194.0,128073.0,28531.0,7211097.0,758072.0,242960.0,452782.0,6265850.0,170247.0,47778.0,-1514089.0,-189222.0,-37135.0,-160570.0,-988656.0,-42174.0,-19247.0
146,2015-02-07,Saturday,February,3645,12246,5283859.0,513640.0,195861.0,255418.0,4888162.0,114259.0,22583.0,6678970.0,707276.0,225353.0,418748.0,5788050.0,158522.0,42984.0,-1395111.0,-193636.0,-29492.0,-163330.0,-899888.0,-44263.0,-20401.0
147,2015-02-08,Sunday,February,3639,12372,5129215.0,502948.0,193526.0,256746.0,4684000.0,115711.0,22878.0,6524327.0,687162.0,221413.0,409524.0,5767450.0,154076.0,42296.0,-1395112.0,-184214.0,-27887.0,-152778.0,-1083450.0,-38365.0,-19418.0
148,2015-02-09,Monday,February,4395,14878,6155183.0,628835.0,224278.0,346109.0,5806559.0,146288.0,34091.0,7984763.0,844818.0,267773.0,502206.0,6919550.0,197483.0,52347.0,-1829580.0,-215983.0,-43495.0,-156097.0,-1112991.0,-51195.0,-18256.0
149,2015-02-10,Tuesday,February,4325,14741,6111369.0,621487.0,223137.0,334060.0,5676086.0,144947.0,32498.0,7866726.0,834039.0,263839.0,493304.0,6820550.0,186418.0,51834.0,-1755357.0,-212552.0,-40702.0,-159244.0,-1144464.0,-41471.0,-19336.0
150,2015-02-11,Wednesday,February,4214,14433,6006774.0,611655.0,217912.0,324370.0,5566924.0,140709.0,31854.0,7642664.0,806753.0,256602.0,480974.0,6585300.0,180287.0,50793.0,-1635890.0,-195098.0,-38690.0,-156604.0,-1018376.0,-39578.0,-18939.0
151,2015-02-12,Thursday,February,4085,13829,5745629.0,582150.0,210323.0,309313.0,5395073.0,134711.0,29077.0,7329072.0,773647.0,247139.0,459050.0,6427600.0,172887.0,47987.0,-1583443.0,-191497.0,-36816.0,-149737.0,-1032527.0,-38176.0,-18910.0
152,2015-02-13,Friday,February,3731,12414,5313813.0,526621.0,194687.0,268717.0,4879805.0,122120.0,24948.0,6711725.0,711526.0,226885.0,417736.0,5872200.0,159358.0,44066.0,-1397912.0,-184905.0,-32198.0,-149019.0,-992395.0,-37238.0,-19118.0
153,2015-02-14,Saturday,February,3294,11113,4818688.0,460164.0,182434.0,226798.0,4218582.0,106495.0,19336.0,5956111.0,630300.0,201027.0,371865.0,5168450.0,143003.0,38270.0,-1137423.0,-170136.0,-18593.0,-145067.0,-949868.0,-36508.0,-18934.0
154,2015-02-15,Sunday,February,3289,11433,4655571.0,451729.0,176537.0,229657.0,4271663.0,102164.0,20239.0,5838669.0,616877.0,196724.0,365192.0,5188250.0,139476.0,37698.0,-1183098.0,-165148.0,-20187.0,-135535.0,-916587.0,-37312.0,-17459.0
155,2015-02-16,Monday,February,3993,13503,5674199.0,565564.0,209428.0,302420.0,5284985.0,133142.0,27849.0,7212224.0,759527.0,243597.0,453589.0,6317100.0,172160.0,46672.0,-1538025.0,-193963.0,-34169.0,-151169.0,-1032115.0,-39018.0,-18823.0
156,2015-02-17,Tuesday,February,4069,13954,5834464.0,590819.0,213539.0,311906.0,5417720.0,136715.0,30410.0,7353601.0,774430.0,247746.0,461739.0,6414400.0,173632.0,48442.0,-1519137.0,-183611.0,-34207.0,-149833.0,-996680.0,-36917.0,-18032.0
157,2015-02-18,Wednesday,February,4142,14299,5885057.0,600936.0,214609.0,314424.0,5403022.0,140974.0,30862.0,7455304.0,784010.0,251750.0,468628.0,6519700.0,176793.0,48857.0,-1570247.0,-183074.0,-37141.0,-154204.0,-1116678.0,-35819.0,-17995.0
158,2015-02-19,Thursday,February,3979,13623,5740759.0,578326.0,210858.0,302874.0,5392522.0,132328.0,29572.0,7169045.0,755874.0,241386.0,449994.0,6298850.0,171439.0,47114.0,-1428286.0,-177548.0,-30528.0,-147120.0,-906328.0,-39111.0,-17542.0
159,2015-02-20,Friday,February,3772,12869,5393435.0,539879.0,197742.0,276483.0,5030260.0,124328.0,25272.0,6766580.0,712940.0,228168.0,425922.0,5970450.0,162800.0,43917.0,-1373145.0,-173061.0,-30426.0,-149439.0,-940190.0,-38472.0,-18645.0
160,2015-02-21,Saturday,February,3489,11910,5051160.0,488049.0,188349.0,247558.0,4705926.0,109416.0,22051.0,6344239.0,664862.0,215480.0,398887.0,5530100.0,151265.0,40871.0,-1293079.0,-176813.0,-27131.0,-151329.0,-824174.0,-41849.0,-18820.0
161,2015-02-22,Sunday,February,3454,11987,4901691.0,484812.0,184513.0,243677.0,4510708.0,108372.0,23156.0,6128043.0,642698.0,208651.0,384009.0,5503450.0,146167.0,39574.0,-1226352.0,-157886.0,-24138.0,-140332.0,-992742.0,-37795.0,-16418.0
162,2015-02-23,Monday,February,4217,14242,5967538.0,610362.0,217368.0,325483.0,5580628.0,141427.0,31985.0,7612679.0,799379.0,256957.0,478983.0,6603350.0,180061.0,50259.0,-1645141.0,-189017.0,-39589.0,-153500.0,-1022722.0,-38634.0,-18274.0
163,2015-02-24,Tuesday,February,4168,14425,5973689.0,612413.0,218667.0,322876.0,5640621.0,141794.0,31747.0,7570672.0,793517.0,255768.0,475945.0,6539100.0,179235.0,50026.0,-1596983.0,-181104.0,-37101.0,-153069.0,-898479.0,-37441.0,-18279.0
164,2015-02-25,Wednesday,February,4100,13954,5902935.0,601105.0,217933.0,317932.0,5591153.0,134754.0,31113.0,7426540.0,780068.0,250888.0,466296.0,6454900.0,174890.0,49275.0,-1523605.0,-178963.0,-32955.0,-148364.0,-863747.0,-40136.0,-18162.0
165,2015-02-26,Thursday,February,4003,13643,5677567.0,575878.0,210608.0,306036.0,5393207.0,133132.0,29255.0,7211283.0,757209.0,245203.0,453046.0,6324150.0,169694.0,47356.0,-1533716.0,-181331.0,-34595.0,-147010.0,-930943.0,-36562.0,-18101.0
166,2015-02-27,Friday,February,3702,12596,5263281.0,525738.0,192412.0,270633.0,4832058.0,118563.0,26339.0,6698785.0,702865.0,227182.0,420353.0,5894550.0,157988.0,44111.0,-1435504.0,-177127.0,-34770.0,-149720.0,-1062492.0,-39425.0,-17772.0
167,2015-02-28,Saturday,February,3382,11598,4923676.0,485098.0,183150.0,237274.0,4490209.0,108692.0,21433.0,6163296.0,641972.0,209917.0,389042.0,5384050.0,146328.0,40435.0,-1239620.0,-156874.0,-26767.0,-151768.0,-893841.0,-37636.0,-19002.0
168,2015-03-01,Sunday,March,3387,11823,4749167.0,468187.0,177942.0,239815.0,4574066.0,105352.0,21366.0,6006264.0,625120.0,204862.0,378526.0,5388350.0,140152.0,39053.0,-1257097.0,-156933.0,-26920.0,-138711.0,-814284.0,-34800.0,-17687.0
169,2015-03-02,Monday,March,4207,14386,5877995.0,597778.0,214424.0,325713.0,5481014.0,136167.0,32721.0,7632566.0,799035.0,259588.0,485809.0,6586900.0,176508.0,51479.0,-1754571.0,-201257.0,-45164.0,-160096.0,-1105886.0,-40341.0,-18758.0
170,2015-03-03,Tuesday,March,4155,14285,5945253.0,607026.0,216402.0,325673.0,5500346.0,136013.0,31507.0,7506689.0,786044.0,254215.0,475496.0,6479550.0,174639.0,50447.0,-1561436.0,-179018.0,-37813.0,-149823.0,-979204.0,-38626.0,-18940.0
171,2015-03-04,Wednesday,March,4086,14129,5848414.0,589548.0,212676.0,315972.0,5396789.0,134748.0,31019.0,7408512.0,777336.0,251441.0,469932.0,6418100.0,171928.0,49669.0,-1560098.0,-187788.0,-38765.0,-153960.0,-1021311.0,-37180.0,-18650.0
172,2015-03-05,Thursday,March,3953,13677,5624293.0,568495.0,206316.0,300693.0,5256099.0,130050.0,29542.0,7131346.0,747136.0,241637.0,449451.0,6178500.0,166341.0,47445.0,-1507053.0,-178641.0,-35321.0,-148758.0,-922401.0,-36291.0,-17903.0
173,2015-03-06,Friday,March,3733,12657,5376742.0,530229.0,196788.0,277357.0,4968395.0,119371.0,27267.0,6718258.0,701091.0,227485.0,425280.0,5892800.0,157754.0,44840.0,-1341516.0,-170862.0,-30697.0,-147923.0,-924405.0,-38383.0,-17573.0
174,2015-03-07,Saturday,March,3443,11484,4970489.0,477250.0,184297.0,244511.0,4517415.0,108075.0,21806.0,6318705.0,657562.0,215044.0,399737.0,5481200.0,150775.0,40907.0,-1348216.0,-180312.0,-30747.0,-155226.0,-963785.0,-42700.0,-19101.0
175,2015-03-08,Sunday,March,3410,11433,4809726.0,473473.0,179694.0,240864.0,4386474.0,108709.0,22737.0,6125679.0,634680.0,209056.0,389370.0,5375600.0,145297.0,40938.0,-1315953.0,-161207.0,-29362.0,-148506.0,-989126.0,-36588.0,-18201.0
176,2015-03-09,Monday,March,4226,14288,5980220.0,606348.0,219228.0,326770.0,5481291.0,139962.0,33258.0,7700190.0,803575.0,260860.0,486650.0,6592900.0,177826.0,52039.0,-1719970.0,-197227.0,-41632.0,-159880.0,-1111609.0,-37864.0,-18781.0
177,2015-03-10,Tuesday,March,4182,14164,5980930.0,603887.0,220844.0,336793.0,5535618.0,136960.0,33250.0,7624211.0,793516.0,258768.0,485293.0,6517000.0,175581.0,51932.0,-1643281.0,-189629.0,-37924.0,-148500.0,-981382.0,-38621.0,-18682.0
178,2015-03-11,Wednesday,March,4118,14117,5876385.0,591671.0,215947.0,321136.0,5374759.0,132840.0,31973.0,7486694.0,778977.0,253987.0,475667.0,6466850.0,172471.0,51008.0,-1610309.0,-187306.0,-38040.0,-154531.0,-1092091.0,-39631.0,-19035.0
179,2015-03-12,Thursday,March,3893,13159,5495845.0,549792.0,201905.0,292847.0,5074614.0,124879.0,29717.0,7055665.0,736351.0,240282.0,447447.0,6132650.0,161833.0,47762.0,-1559820.0,-186559.0,-38377.0,-154600.0,-1058036.0,-36954.0,-18045.0
180,2015-03-13,Friday,March,3417,11523,4834997.0,478716.0,178192.0,246215.0,4444507.0,107534.0,24103.0,6173854.0,644309.0,210496.0,390940.0,5380850.0,141087.0,41404.0,-1338857.0,-165593.0,-32304.0,-144725.0,-936343.0,-33553.0,-17301.0
181,2015-03-14,Saturday,March,3038,10237,4379630.0,420999.0,163834.0,212228.0,4011624.0,91598.0,18688.0,5586778.0,585581.0,190063.0,352217.0,4810950.0,129742.0,36975.0,-1207148.0,-164582.0,-26229.0,-139989.0,-799326.0,-38144.0,-18287.0
182,2015-03-15,Sunday,March,3018,10171,4220833.0,403991.0,161846.0,217080.0,3869536.0,89116.0,19160.0,5423220.0,565032.0,185106.0,345318.0,4787850.0,124599.0,36741.0,-1202387.0,-161041.0,-23260.0,-128238.0,-918314.0,-35483.0,-17581.0
183,2015-03-16,Monday,March,3627,12320,5098465.0,513067.0,187039.0,284290.0,4649500.0,116999.0,27525.0,6669420.0,700528.0,224806.0,424292.0,5650900.0,150391.0,45675.0,-1570955.0,-187461.0,-37767.0,-140002.0,-1001400.0,-33392.0,-18150.0
184,2015-03-17,Tuesday,March,3397,11487,4852607.0,492090.0,180197.0,269165.0,4518746.0,109058.0,26265.0,6216626.0,651148.0,209651.0,396468.0,5320200.0,142795.0,42511.0,-1364019.0,-159058.0,-29454.0,-127303.0,-801454.0,-33737.0,-16246.0
185,2015-03-18,Wednesday,March,3158,10700,4486163.0,452827.0,166381.0,245384.0,4202426.0,100122.0,24587.0,5721331.0,598278.0,192950.0,364242.0,4937600.0,130540.0,39564.0,-1235168.0,-145451.0,-26569.0,-118858.0,-735174.0,-30418.0,-14977.0
186,2015-03-19,Thursday,March,2788,9488,3897073.0,391409.0,145523.0,214840.0,3725502.0,86809.0,21275.0,5042283.0,525103.0,170912.0,321620.0,4354500.0,115223.0,34794.0,-1145210.0,-133694.0,-25389.0,-106780.0,-628998.0,-28414.0,-13519.0
187,2015-03-20,Friday,March,2331,7758,3203060.0,320432.0,118157.0,168233.0,3022571.0,69178.0,16312.0,4210423.0,440236.0,142130.0,267844.0,3665800.0,94244.0,29162.0,-1007363.0,-119804.0,-23973.0,-99611.0,-643229.0,-25066.0,-12850.0
188,2015-03-21,Saturday,March,1894,6349,2700802.0,261844.0,100465.0,134061.0,2467477.0,54466.0,12307.0,3520414.0,369795.0,119739.0,219500.0,2972850.0,78365.0,23872.0,-819612.0,-107951.0,-19274.0,-85439.0,-505373.0,-23899.0,-11565.0
189,2015-03-22,Sunday,March,1856,6196,2608932.0,258992.0,98367.0,132446.0,2449919.0,54730.0,12504.0,3366486.0,352947.0,113874.0,212261.0,2881400.0,76722.0,22933.0,-757554.0,-93955.0,-15507.0,-79815.0,-431481.0,-21992.0,-10429.0
190,2015-03-23,Monday,March,2290,7743,3179506.0,324245.0,115517.0,176886.0,2864842.0,73633.0,17954.0,4147936.0,433798.0,139154.0,264354.0,3548600.0,94002.0,28247.0,-968430.0,-109553.0,-23637.0,-87468.0,-683758.0,-20369.0,-10293.0
191,2015-03-24,Tuesday,March,2153,7241,3007554.0,306871.0,109768.0,165736.0,2698799.0,67536.0,17119.0,3938074.0,414547.0,131488.0,251355.0,3312800.0,88270.0,27196.0,-930520.0,-107676.0,-21720.0,-85619.0,-614001.0,-20734.0,-10077.0
192,2015-03-25,Wednesday,March,1974,6742,2796202.0,284830.0,102502.0,152664.0,2567241.0,64436.0,15322.0,3599033.0,377295.0,120242.0,229822.0,3062500.0,80784.0,24733.0,-802831.0,-92465.0,-17740.0,-77158.0,-495259.0,-16348.0,-9411.0
193,2015-03-26,Thursday,March,1847,6236,2543400.0,256780.0,93959.0,141100.0,2347719.0,55679.0,14130.0,3348930.0,351022.0,112361.0,213785.0,2858800.0,74908.0,23274.0,-805530.0,-94242.0,-18402.0,-72685.0,-511081.0,-19229.0,-9144.0
194,2015-03-27,Friday,March,1590,5292,2216432.0,225557.0,81470.0,113322.0,2048389.0,48817.0,11543.0,2884499.0,301573.0,97014.0,183370.0,2481100.0,64944.0,19678.0,-668067.0,-76016.0,-15544.0,-70048.0,-432711.0,-16127.0,-8135.0
195,2015-03-28,Saturday,March,1329,4365,1904055.0,187089.0,71340.0,92069.0,1811691.0,38585.0,8611.0,2450845.0,257110.0,82531.0,154599.0,2076500.0,55696.0,16583.0,-546790.0,-70021.0,-11191.0,-62530.0,-264809.0,-17111.0,-7972.0
196,2015-03-29,Sunday,March,1285,4275,1815674.0,179978.0,67648.0,90317.0,1664028.0,39193.0,8523.0,2335215.0,245519.0,78229.0,146939.0,2010200.0,52793.0,15951.0,-519541.0,-65541.0,-10581.0,-56622.0,-346172.0,-13600.0,-7428.0
197,2015-03-30,Monday,March,1543,5331,2109778.0,212005.0,77635.0,116929.0,1908491.0,47490.0,11231.0,2808205.0,293928.0,93759.0,178433.0,2379800.0,62582.0,19069.0,-698427.0,-81923.0,-16124.0,-61504.0,-471309.0,-15092.0,-7838.0
198,2015-03-31,Tuesday,March,1293,4510,1780880.0,180914.0,66051.0,98840.0,1604248.0,41455.0,9934.0,2372982.0,248002.0,79625.0,151864.0,2011200.0,53959.0,15810.0,-592102.0,-67088.0,-13574.0,-53024.0,-406952.0,-12504.0,-5876.0
199,2015-04-01,Wednesday,April,1126,3841,1619874.0,161038.0,58210.0,92878.0,1537254.0,34258.0,8449.0,2087435.0,219070.0,69203.0,133302.0,1773900.0,46568.0,13930.0,-467561.0,-58032.0,-10993.0,-40424.0,-236646.0,-12310.0,-5481.0
200,2015-04-02,Thursday,April,946,3139,1294454.0,128662.0,47626.0,71568.0,1248167.0,28590.0,6574.0,1731854.0,183758.0,57826.0,113561.0,1503600.0,38622.0,11222.0,-437400.0,-55096.0,-10200.0,-41993.0,-255433.0,-10032.0,-4648.0
201,2015-04-03,Friday,April,742,2541,1011069.0,100129.0,37382.0,54705.0,938073.0,21327.0,5011.0,1376996.0,143091.0,45574.0,89611.0,1160450.0,29830.0,9467.0,-365927.0,-42962.0,-8192.0,-34906.0,-222377.0,-8503.0,-4456.0
202,2015-04-04,Saturday,April,584,1985,818307.0,80131.0,30614.0,41695.0,752675.0,17802.0,3670.0,1094736.0,112784.0,36792.0,71645.0,911700.0,24307.0,7410.0,-276429.0,-32653.0,-6178.0,-29950.0,-159025.0,-6505.0,-3740.0
203,2015-04-05,Sunday,April,515,1766,710073.0,66273.0,26095.0,34380.0,631687.0,14119.0,2955.0,925362.0,95594.0,30819.0,60391.0,796050.0,20594.0,6249.0,-215289.0,-29321.0,-4724.0,-26011.0,-164363.0,-6475.0,-3294.0
204,2015-04-06,Monday,April,574,1940,745455.0,74221.0,27560.0,42725.0,681933.0,16300.0,4168.0,1052852.0,109239.0,34863.0,68753.0,896850.0,23351.0,7116.0,-307397.0,-35018.0,-7303.0,-26028.0,-214917.0,-7051.0,-2948.0
205,2015-04-07,Tuesday,April,351,1276,453123.0,45123.0,17046.0,26786.0,421763.0,10427.0,2719.0,631248.0,66295.0,21291.0,40880.0,559550.0,14365.0,4147.0,-178125.0,-21172.0,-4245.0,-14094.0,-137787.0,-3938.0,-1428.0
206,2015-04-08,Wednesday,April,132,480,153984.0,14922.0,6191.0,8971.0,154710.0,3206.0,1006.0,240845.0,24746.0,8281.0,15377.0,224400.0,5382.0,1561.0,-86861.0,-9824.0,-2090.0,-6406.0,-69690.0,-2176.0,-555.0
207,2015-04-09,Thursday,April,17,47,16174.0,1685.0,436.0,1025.0,15415.0,318.0,37.0,29189.0,3257.0,948.0,1913.0,27700.0,565.0,148.0,-13015.0,-1572.0,-512.0,-888.0,-12285.0,-247.0,-111.0
